Filename,Path,Type,Platform,Size (bytes),Description
PROJECT_SUMMARY.md,.,Documentation,Both,7598,Project overview and specifications
QUICKSTART.md,.,Documentation,Both,1850,Quick start guide for building and running
README.md,.,Documentation,Both,9212,Complete project documentation and guide
bluetooth_client.py,laptop_client,Python Source,Laptop,6155,Python Bluetooth client - connects to Nokia server
encryption.py,laptop_client,Python Source,Laptop,1918,Python AES-128 encryption module (matches Nokia)
requirements.txt,laptop_client,Config,Laptop,35,"Python dependencies (pybluez, pycryptodome)"
run_client.bat,laptop_client,Launcher Script,Windows,745,Windows batch launcher for client
run_client.sh,laptop_client,Launcher Script,Linux,841,Linux shell launcher for client
build.xml,nokia_server,Build Script,Nokia 2760,3663,Apache Ant build script for compiling Java ME app
manifest.mf,nokia_server/resources,Manifest,Nokia 2760,368,MIDlet manifest with Bluetooth permissions
BluetoothChatServer.java,nokia_server/src,Java ME Source,Nokia 2760,6200,Main Java ME MIDlet - Bluetooth SPP server application
MessageEncryption.java,nokia_server/src,Java ME Source,Nokia 2760,2149,AES-128 encryption/decryption for Nokia 2760
